<?xml version="1.0" encoding="UTF-8"?>
<!--
/**
* Joomla Community Builder User Plugin: plug_raidplanner
* @version $Id$
* @package plug_raidplanner
* @subpackage raidplanner.xml
* @author Taracque
* @copyright (C) Taracque, http://taracque.hu
* @license Limited  http://www.gnu.org/copyleft/gpl.html GNU/GPL
* @beta 1.0
*/
-->
<cbinstall version="1.0.0" type="plugin" group="user">
	<name>RaidPlanner Plugin</name>
	<author>Taracque</author>
	<creationDate>2011-09-28</creationDate>
	<copyright>(C) 2011 Taracque, http://taracque.hu</copyright>
	<license>http://www.gnu.org/copyleft/gpl.html GNU/GPL</license>
	<authorEmail>taracque@taracque.hu</authorEmail>
	<authorUrl>taracque.hu</authorUrl>
	<version>1.0</version>
	<description>
		Synchronizes CB fields with RaidPlanner user fields.
	</description>
	<files>
		<filename plugin="raidplanner">raidplanner.php</filename>
		<filename>index.html</filename>
		<filename>assets/new.png</filename>
		<filename>assets/delete.png</filename>
		<filename>assets/index.html</filename>
	</files>
	<fieldtypes>
		<field type="rpcharactersfield" label="RaidPlanner Characters">
			<data name="" nametype="namesuffix" type="sql:mediumtext" null="true" default="NULL" strict="false" />
			<params>
				<param name="cols" type="text" default="40" label="Width of field" description="Width of field in characters" />
				<param name="rows" type="text" default="5" label="Height of field" description="Height of field in characters" />
				<param name="fieldValidateForbiddenList_register" type="text" default="http:,https:,mailto:,//.[url],&lt;a,&lt;/a&gt;,&amp;#" label="Forbidden words at registration" description="You can set a list of bad words (separated by comma ,) which are not allowed in this field for registration. Use comma twice (,,) to add comma as bad character." />
				<param name="fieldValidateForbiddenList_edit" type="text" default="http:,https:,mailto:,//.[url],&lt;a,&lt;/a&gt;,&amp;#" label="Forbidden words in user profile edits" description="You can set a list of bad words (separated by comma ,) which are not allowed in this field when user updates his profile in profile edits. Use comma twice (,,) to add comma as bad character." />
			</params>
		</field>
	</fieldtypes>
	<params>
		<param name="rpPlugEnabled" type="radio" label="RaidPlanner Plugin Enabled" default="1" description="Specify Yes to enable RaidPlanner plugin.">
			<option value="0">No</option>
			<option value="1">Yes</option>
		</param>
		<param name="rpPlugCharactersField" type="custom" method="loadFieldList" class="getRaidPlannerTab" default="" label="Characters field" description="Field name in CB for Characters (don't forget to include cb_ prefix!)" />
		<param name="rpPlugVacationsField" type="custom" method="loadFieldList" class="getRaidPlannerTab" default="" label="Vacations field" description="Field name in CB for Vacation periods (don't forget to include cb_ prefix!)" />
		<param name="rpPlugCalSecretField" type="custom" method="loadFieldList" class="getRaidPlannerTab" default="" label="Calendar secret field" description="Field name in CB for Calendar secret (don't forget to include cb_ prefix!)" />
	</params>
	<install>
		<queries>
		</queries>
	</install>
	<uninstall>
	</uninstall>
</cbinstall>